,Accuracy,F1-Micro,F1-Macro,Hamming Loss,Jaccard Score
Logistic Regression,0.13333333333333333,0.5714285714285714,0.546187170291747,0.07661290322580645,0.4345734126984127
Random Forest,0.09166666666666666,0.49043478260869566,0.42948590874607706,0.07876344086021506,0.3443253968253968
Gradient Boosting,0.11666666666666667,0.5351681957186545,0.49298085935449154,0.08172043010752689,0.39191468253968254
K-Nearest Neighbors,0.05,0.3558282208588957,0.315760080830815,0.0846774193548387,0.24980158730158736
Decision Tree,0.1,0.5301837270341208,0.5270755888503578,0.09623655913978495,0.39479918229918226
Neural Network,0.058333333333333334,0.32719836400818,0.2739147605649601,0.08844086021505376,0.22361928104575166
Voting Ensemble,0.10833333333333334,0.5361842105263158,0.48390834339600947,0.07580645161290323,0.38206349206349205
AdaBoost Ensemble,0.125,0.5522875816993464,0.5113327327554364,0.07365591397849462,0.41772817460317463
